City,Lat,Lng,Max Temp,Humidity,Cloudiness,Wind Speed,Country,Date
Carnarvon,-24.8667,113.6333,64.47,94.0,40,8.05,AU,1650921858
Nikolskoye,59.7035,30.7861,42.87,97.0,100,5.06,RU,1650921995
Cayenne,4.9333,-52.3333,80.1,1.0,0,0.0,GF,1650922135
Plastun,44.7561,136.2939,39.31,88.0,4,10.71,RU,1650922135
Atuona,-9.8,-139.0333,78.28,79.0,24,16.06,PF,1650921999
Jamestown,42.097,-79.2353,80.24,41.0,20,12.66,US,1650922135
Rikitea,-23.1203,-134.9692,76.78,74.0,73,14.85,PF,1650922136
Hermanus,-34.4187,19.2345,50.81,72.0,0,6.15,ZA,1650922136
Vaini,-21.2,-175.2,72.28,87.0,100,7.11,TO,1650922136
Pantai Remis,4.4557,100.6288,77.02,88.0,99,4.63,MY,1650922137
Svetlaya,46.5389,138.3297,34.9,85.0,100,16.69,RU,1650922137
Longyearbyen,78.2186,15.6401,3.04,55.0,40,16.11,SJ,1650921867
Mataura,-46.1927,168.8643,51.48,82.0,70,6.58,NZ,1650921985
Avarua,-21.2078,-159.775,82.45,78.0,20,9.22,CK,1650922138
Tahoua,14.8888,5.2692,89.91,10.0,97,10.31,NE,1650922138
Vestmannaeyjar,63.4427,-20.2734,45.59,85.0,66,12.64,IS,1650922139
Columbus,39.9612,-82.9988,73.81,85.0,100,19.57,US,1650922018
Punta Arenas,-53.15,-70.9167,42.91,70.0,40,21.85,CL,1650921986
Kahului,20.8947,-156.47,82.42,64.0,40,24.16,US,1650921849
Lagunas,-5.2269,-75.6753,83.43,67.0,67,4.81,PE,1650922140
Kirakira,-10.4544,161.9205,82.29,80.0,93,3.49,SB,1650922141
Ushuaia,-54.8,-68.3,42.46,70.0,75,17.27,AR,1650921996
Port Alfred,-33.5906,26.891,59.85,77.0,31,13.38,ZA,1650922002
Cape Town,-33.9258,18.4232,60.91,70.0,0,10.36,ZA,1650921843
Iralaya,15.0,-83.2333,80.46,83.0,28,9.4,HN,1650922141
José de Freitas,-4.7564,-42.5756,86.95,90.0,32,3.71,BR,1650922142
Tasiilaq,65.6145,-37.6368,32.16,96.0,100,8.41,GL,1650922012
Roebourne,-20.7833,117.1333,74.79,71.0,77,8.39,AU,1650922143
Kavieng,-2.5744,150.7967,81.41,78.0,77,10.89,PG,1650922102
Cherskiy,68.75,161.3,26.44,70.0,100,3.29,RU,1650922143
Nanortalik,60.1432,-45.2371,35.28,89.0,98,6.02,GL,1650922143
Aklavik,68.2191,-135.0107,33.37,100.0,100,4.47,CA,1650922144
Acapulco de Juárez,16.8634,-99.8901,85.82,66.0,0,10.36,MX,1650922008
Bjerkvik,68.5597,17.5189,28.99,91.0,100,9.42,NO,1650922145
Morondava,-20.2833,44.2833,82.17,75.0,90,8.55,MG,1650922145
Lac du Bonnet,50.2536,-96.0612,26.01,87.0,100,11.05,CA,1650922146
Busselton,-33.65,115.3333,61.81,66.0,97,17.09,AU,1650922010
Provideniya,64.3833,-173.3,26.71,80.0,75,20.13,RU,1650922018
Den Helder,52.9599,4.7593,48.18,73.0,28,17.0,NL,1650922146
Grand Gaube,-20.0064,57.6608,73.8,81.0,38,4.0,MU,1650922147
East London,-33.0153,27.9116,62.33,70.0,15,14.79,ZA,1650921997
Terney,45.0503,136.6092,38.84,87.0,53,11.48,RU,1650922148
Thompson,55.7435,-97.8558,26.76,28.0,40,4.61,CA,1650921975
Cuencamé de Ceniceros,24.8711,-103.6964,87.69,11.0,0,8.79,MX,1650922149
New Norfolk,-42.7826,147.0587,48.9,88.0,88,2.3,AU,1650921881
Mackenzie,55.2999,-123.1698,46.62,66.0,100,10.36,CA,1650922149
Llanes,43.4198,-4.7549,56.79,81.0,98,9.53,ES,1650921991
Jizan,17.3333,42.6667,88.74,49.0,0,4.27,SA,1650922150
Arman',59.7,150.1667,26.28,68.0,100,9.95,RU,1650922150
Barrow,71.2906,-156.7887,14.02,79.0,100,11.5,US,1650922151
Tuktoyaktuk,69.4541,-133.0374,19.4,86.0,20,5.75,CA,1650921990
Arraial do Cabo,-22.9661,-42.0278,75.06,78.0,0,6.91,BR,1650922008
Mahébourg,-20.4081,57.7,73.69,88.0,40,12.66,MU,1650922152
Aberdeen,57.1437,-2.0981,45.5,84.0,100,4.61,GB,1650922152
Mar del Plata,-38.0023,-57.5575,60.87,73.0,0,8.05,AR,1650921876
Hanchuan,30.65,113.7667,66.31,92.0,77,4.81,CN,1650922153
Guararema,-23.415,-46.035,78.94,85.0,2,2.48,BR,1650922145
Albany,42.6001,-73.9662,68.23,33.0,100,5.99,US,1650921758
Oytal,42.9057,73.2697,49.77,68.0,1,3.83,KZ,1650922154
Kapaa,22.0752,-159.319,80.58,76.0,75,17.27,US,1650921987
Soanierana Ivongo,-16.9167,49.5833,74.03,91.0,81,5.12,MG,1650922154
Cranbourne,-38.1,145.2833,54.36,65.0,70,4.0,AU,1650921939
Bredasdorp,-34.5322,20.0403,54.95,75.0,0,3.18,ZA,1650922155
Phalodi,27.1333,72.3667,84.54,32.0,21,14.47,IN,1650922155
Almonte,37.2647,-6.5167,62.87,77.0,99,6.98,ES,1650922156
Qui Nhon,13.7667,109.2333,76.91,90.0,23,5.19,VN,1650922156
Castro,-24.7911,-50.0119,64.54,80.0,0,2.48,BR,1650922015
Bluff,-46.6,168.3333,51.8,67.0,98,24.14,NZ,1650921836
Pokhvistnevo,53.6524,52.1274,54.93,79.0,90,6.02,RU,1650922157
Namatanai,-3.6667,152.4333,79.54,79.0,100,5.23,PG,1650922157
Loksa,59.5764,25.7214,37.08,92.0,12,6.93,EE,1650922157
Ambilobe,-13.2,49.05,72.68,83.0,99,3.87,MG,1650922158
Yellowknife,62.456,-114.3525,43.32,45.0,75,11.5,CA,1650921998
Constitución,-35.3333,-72.4167,55.92,82.0,100,8.1,CL,1650922159
Saint-Michel-des-Saints,46.6834,-73.9159,52.36,90.0,100,11.68,CA,1650922159
Caucaia,-3.7361,-38.6531,83.03,75.0,40,10.36,BR,1650922106
Saskylakh,71.9167,114.0833,-6.09,100.0,100,3.85,RU,1650922019
Suez,29.9737,32.5263,67.86,62.0,0,13.31,EG,1650922112
Beşikdüzü,41.052,39.2284,55.29,53.0,5,8.43,TR,1650922160
Tual,-5.6667,132.75,83.35,72.0,100,3.33,ID,1650922160
Camocim,-2.9022,-40.8411,78.53,88.0,84,9.15,BR,1650922161
Drovyanaya,51.5833,113.0333,27.84,38.0,100,10.36,RU,1650922161
Bosaso,11.2842,49.1816,84.52,67.0,33,5.08,SO,1650922161
Camapuã,-19.5314,-54.0439,86.86,41.0,57,8.21,BR,1650922162
Puerto Ayora,-0.7393,-90.3518,76.96,78.0,86,11.14,EC,1650921813
Pisco,-13.7,-76.2167,69.85,73.0,0,4.61,PE,1650922162
Akdağmadeni,39.6603,35.8836,60.49,33.0,68,6.44,TR,1650922163
Ancud,-41.8697,-73.8203,51.22,91.0,100,31.72,CL,1650922163
Olafsvik,64.8945,-23.7142,44.82,74.0,97,5.75,IS,1650921994
Esperance,-33.8667,121.9,69.64,40.0,100,23.06,AU,1650922018
Chuguyevka,44.1653,133.8633,48.99,68.0,13,4.74,RU,1650922164
Bengkulu,-3.8004,102.2655,76.33,86.0,100,7.63,ID,1650921858
Hilo,19.7297,-155.09,83.28,79.0,100,5.75,US,1650921877
Faanui,-16.4833,-151.75,81.39,72.0,10,10.47,PF,1650921998
Tim,51.6222,37.1244,51.6,73.0,83,8.03,RU,1650922165
Roseburg,43.2165,-123.3417,58.17,62.0,100,4.61,US,1650922065
Thinadhoo,0.5333,72.9333,84.4,73.0,34,6.29,MV,1650922012
São Miguel do Araguaia,-13.275,-50.1628,80.62,65.0,10,4.29,BR,1650922165
Honiara,-9.4333,159.95,80.8,80.0,14,3.15,SB,1650922166
Tautira,-17.7333,-149.15,80.83,74.0,8,11.03,PF,1650921996
Samdrup Jongkhar District,26.9167,91.6167,64.33,66.0,1,5.44,BT,1650922166
Katsuura,35.1333,140.3,67.03,92.0,99,6.06,JP,1650922148
Nongpoh,25.9,91.8833,69.53,76.0,0,2.57,IN,1650922167
Makkah al Mukarramah,21.4267,39.8261,82.06,59.0,0,3.62,SA,1650922167
Sisimiut,66.9395,-53.6735,28.6,83.0,100,6.26,GL,1650922168
Campos Belos,-13.0367,-46.7717,76.84,46.0,9,2.98,BR,1650922169
Lompoc,34.6391,-120.4579,88.79,57.0,0,16.11,US,1650921942
Naze,28.3667,129.4833,72.52,91.0,34,16.02,JP,1650922020
Tezu,27.9167,96.1667,67.17,59.0,76,6.42,IN,1650922169
Orsha,54.5153,30.4053,45.21,92.0,68,5.1,BY,1650922169
Collie,-33.3667,116.15,56.19,82.0,100,7.85,AU,1650922170
Los Llanos de Aridane,28.6585,-17.9182,64.15,80.0,75,5.75,ES,1650922171
Geraldton,-28.7667,114.6,68.41,73.0,100,12.66,AU,1650922171
Yar-Sale,66.8333,70.8333,23.23,95.0,80,6.73,RU,1650922172
São Sebastião,-23.76,-45.4097,73.13,89.0,51,10.2,BR,1650922172
Alappuzha,9.49,76.3264,82.76,81.0,79,4.94,IN,1650922173
La Asuncion,11.0333,-63.8628,92.93,52.0,100,14.97,VE,1650922173
Tura,25.5198,90.2201,72.48,83.0,0,4.74,IN,1650922173
Buala,-8.145,159.5921,82.2,78.0,76,4.34,SB,1650922174
Vila Franca do Campo,37.7167,-25.4333,62.2,78.0,13,8.32,PT,1650922174
Broken Hill,-31.95,141.4333,56.91,94.0,100,14.97,AU,1650922009
Kieta,-6.2167,155.6333,80.53,80.0,58,0.63,PG,1650922175
Forsytheganj,52.6333,29.7333,51.87,90.0,84,6.33,BY,1650922175
Sitka,57.0531,-135.33,48.09,71.0,75,8.05,US,1650922176
George Town,5.4112,100.3354,80.53,92.0,20,2.3,MY,1650921888
Bambous Virieux,-20.3428,57.7575,73.65,88.0,40,12.66,MU,1650922015
Shenjiamen,29.9576,122.298,62.69,99.0,100,16.22,CN,1650922176
Zhezkazgan,47.8043,67.7144,49.46,46.0,5,6.06,KZ,1650922177
Petropavlovsk-Kamchatskiy,53.0452,158.6483,36.19,60.0,75,4.47,RU,1650922177
Lavrentiya,65.5833,-171.0,24.51,81.0,98,7.85,RU,1650922178
Mayor Pablo Lagerenza,-19.9309,-60.7718,98.29,28.0,34,14.65,PY,1650922178
Hobart,-42.8794,147.3294,49.26,93.0,40,3.87,AU,1650921991
Omboué,-1.5746,9.2618,78.37,90.0,100,5.64,GA,1650922179
Hamilton,39.1834,-84.5333,64.09,87.0,75,13.8,US,1650922179
Papenburg,53.0667,7.4,47.97,84.0,90,4.0,DE,1650922180
Bethel,41.3712,-73.414,61.66,35.0,100,6.91,US,1650921889
Bathsheba,13.2167,-59.5167,75.81,100.0,75,12.66,BB,1650922180
Hasaki,35.7333,140.8333,64.8,88.0,100,7.34,JP,1650921871
Tabuk,17.4189,121.4443,73.22,90.0,59,4.0,PH,1650922181
Saint-Pierre,-21.3393,55.4781,74.88,77.0,75,10.36,RE,1650922181
Ndélé,8.4109,20.6473,77.76,65.0,100,4.47,CF,1650922025
Santa Lucía,27.9117,-15.5407,61.92,64.0,40,6.91,ES,1650922150
Makakilo City,21.3469,-158.0858,82.72,58.0,75,18.41,US,1650922183
Vardø,70.3705,31.1107,32.52,61.0,90,15.52,NO,1650922183
Glace Bay,46.1969,-59.957,49.57,85.0,75,8.05,CA,1650922184
Lázaro Cárdenas,17.9583,-102.2,83.59,49.0,73,11.45,MX,1650922185
Diapaga,12.0708,1.7889,93.02,8.0,100,3.2,BF,1650922185
Port Hedland,-20.3167,118.5667,69.85,94.0,48,0.0,AU,1650921926
Bubaque,11.2833,-15.8333,77.72,78.0,6,16.96,GW,1650922186
Loukhi,66.0764,33.0381,33.94,97.0,100,2.84,RU,1650922186
Kariba,-16.5167,28.8,70.47,73.0,46,4.76,ZW,1650922187
Touros,-5.1989,-35.4608,79.11,82.0,21,11.54,BR,1650922187
Port Elizabeth,-33.918,25.5701,58.32,87.0,0,12.66,ZA,1650922188
Raudeberg,61.9875,5.1352,45.27,84.0,15,25.1,NO,1650922189
Ribeira Grande,38.5167,-28.7,58.98,67.0,82,9.57,PT,1650922189
Saint Paul Harbor,57.79,-152.4072,45.91,57.0,75,6.91,US,1650922010
Raja,8.4596,25.678,78.03,64.0,74,3.87,SS,1650922190
Laas,46.6166,10.7002,49.08,99.0,100,1.79,IT,1650922190
Saint-Augustin,51.226,-58.6502,38.39,98.0,99,7.47,CA,1650922190
Qaanaaq,77.484,-69.3632,10.69,71.0,61,5.44,GL,1650922191
Mae Hong Son,19.3003,97.9685,76.86,69.0,2,0.67,TH,1650922191
Kruisfontein,-34.0033,24.7314,53.89,85.0,1,7.23,ZA,1650921923
Fort-Shevchenko,44.5086,50.263,61.79,46.0,0,6.87,KZ,1650922192
Kamiiso,41.8167,140.65,53.67,79.0,100,1.32,JP,1650922192
Gambissara,13.2382,-14.3108,94.51,15.0,5,6.49,SN,1650922193
Hithadhoo,-0.6,73.0833,83.52,74.0,80,6.89,MV,1650922013
Avera,33.194,-82.5271,85.55,49.0,51,8.55,US,1650922194
Novyy Buyan,53.6861,50.0469,48.36,72.0,93,6.69,RU,1650922194
Grand-Santi,4.25,-54.3833,77.5,97.0,84,3.51,GF,1650922195
Venado Tuerto,-33.7456,-61.9688,73.76,39.0,0,10.67,AR,1650921888
Dingle,10.9995,122.6711,77.74,88.0,65,6.89,PH,1650922195
Esmeralda,21.8525,-78.1169,82.81,55.0,30,14.63,CU,1650922196
Parkersburg,39.2667,-81.5615,84.52,39.0,20,6.91,US,1650922196
Kavaratti,10.5669,72.642,84.24,76.0,34,5.86,IN,1650922196
Benguela,-12.5763,13.4055,74.44,87.0,18,2.82,AO,1650922197
Leirvik,59.7798,5.5005,47.62,85.0,17,2.28,NO,1650922197
Mahibadhoo,3.7833,72.9667,84.04,67.0,37,2.46,MV,1650922198
Hong Kong,22.2855,114.1577,81.32,86.0,10,4.0,HK,1650921988
Qaqortoq,60.7167,-46.0333,37.2,84.0,88,3.0,GL,1650922199
Kaitangata,-46.2817,169.8464,50.4,67.0,59,14.07,NZ,1650922199
Mercedes,-34.6515,-59.4307,71.85,65.0,1,7.2,AR,1650922161
Kinablangan,7.6947,126.5503,78.84,85.0,100,2.93,PH,1650922200
Labuan,5.2767,115.2417,77.36,100.0,20,1.14,MY,1650922200
Dosso,13.049,3.1937,89.19,9.0,96,5.97,NE,1650922201
Saint-Philippe,-21.3585,55.7679,74.79,79.0,90,15.28,RE,1650922002
La Ronge,55.1001,-105.2842,37.65,25.0,0,14.97,CA,1650922202
Bumba,2.1833,22.4667,72.61,91.0,75,1.36,CD,1650922202
Ponta do Sol,32.6667,-17.1,62.01,81.0,39,10.04,PT,1650922203
Maumere,-8.6199,122.2111,78.26,75.0,100,3.38,ID,1650922204
Lorengau,-2.0226,147.2712,82.69,76.0,36,7.25,PG,1650922204
Arrondissement de Rennes,48.1667,-1.6667,51.84,66.0,0,8.05,FR,1650921985
Klaksvík,62.2266,-6.589,36.52,77.0,100,13.76,FO,1650922181
Okha,53.5739,142.9478,29.43,80.0,6,10.18,RU,1650922205
Ostrovnoy,68.0531,39.5131,34.45,98.0,100,10.54,RU,1650922005
Coyhaique,-45.5752,-72.0662,45.21,93.0,100,4.61,CL,1650922014
Chumikan,54.7183,135.315,26.82,82.0,10,1.97,RU,1650922206
Cedro,-6.6067,-39.0622,78.94,58.0,98,2.44,BR,1650922207
Shakawe,-18.3667,21.85,70.03,51.0,70,3.42,BW,1650922208
Asău,46.4333,26.4,51.28,83.0,3,6.8,RO,1650922208
Meulaboh,4.1363,96.1285,75.49,92.0,100,2.48,ID,1650922209
Faya,18.3851,42.4509,64.51,55.0,0,4.38,SA,1650922209
Pevek,69.7008,170.3133,17.17,78.0,100,1.79,RU,1650921992
Arrondissement de Blois,47.5833,1.3333,49.06,76.0,75,9.78,FR,1650922211
Chui,-33.6971,-53.4616,66.06,97.0,100,7.14,UY,1650922211
Ilulissat,69.2167,-51.1,26.62,93.0,100,3.44,GL,1650922212
Marfino,55.7028,37.3822,51.94,83.0,75,6.71,RU,1650922213
Ystad,55.4297,13.8204,39.36,74.0,6,9.24,SE,1650922213
Kostomuksha,64.571,30.5767,31.5,94.0,99,2.8,RU,1650922214
Paphos,34.7667,32.4167,58.78,88.0,0,4.61,CY,1650922215
Nome,64.5011,-165.4064,35.17,86.0,100,3.44,US,1650922215
Lata,40.1629,-8.3327,52.92,79.0,79,1.88,PT,1650922216
Xining,36.6167,101.7667,47.98,60.0,12,2.68,CN,1650922216
Kutum,14.2,24.6667,79.72,10.0,100,5.41,SD,1650922217
Tiksi,71.6872,128.8694,-0.56,100.0,98,2.08,RU,1650922218
Mitzic,0.7821,11.549,71.01,95.0,100,2.35,GA,1650922218
Colares,38.7992,-9.4469,61.32,75.0,98,14.0,PT,1650922219
Chokurdakh,70.6333,147.9167,8.19,92.0,87,4.52,RU,1650922209
Sackville,45.9188,-64.3846,56.86,75.0,44,7.29,CA,1650922220
Aswān,24.0934,32.907,87.1,11.0,0,4.61,EG,1650922220
Naples,40.8333,14.25,57.81,87.0,0,1.14,IT,1650922213
Codrington,-38.2667,141.9667,56.68,70.0,92,8.95,AU,1650922221
Havelock,34.8791,-76.9013,82.36,69.0,0,11.01,US,1650922221
Sabha,27.0377,14.4283,78.44,18.0,100,19.51,LY,1650922222
Červená Voda,50.0403,16.7427,43.39,91.0,100,3.49,CZ,1650922222
Lüderitz,-26.6481,15.1594,60.06,47.0,0,14.32,NA,1650922223
Tai’an,36.1853,117.12,60.57,90.0,73,2.46,CN,1650922223
Upington,-28.4478,21.2561,53.98,54.0,0,1.14,ZA,1650922224
Patacamaya,-17.2333,-67.9167,56.59,31.0,40,2.95,BO,1650922225
Fortuna,40.5982,-124.1573,57.97,85.0,75,14.97,US,1650922225
Batagay,67.6333,134.6333,13.21,94.0,96,1.92,RU,1650922226
Leshukonskoye,64.8989,45.7622,31.87,96.0,100,4.41,RU,1650922227
Nemuro,43.3236,145.575,40.42,88.0,35,6.06,JP,1650922227
Iroquois Falls,48.7669,-80.6831,44.96,87.0,100,6.31,CA,1650922227
Lucapa,-8.4192,20.7447,67.48,92.0,100,3.15,AO,1650922228
Beipiao,41.7919,120.7792,58.86,18.0,42,19.28,CN,1650922228
Kysyl-Syr,63.8986,122.7617,20.07,92.0,100,4.25,RU,1650922229
Hobyo,5.3505,48.5268,82.85,73.0,54,8.99,SO,1650922229
Big Spring,32.2504,-101.4787,68.45,33.0,40,20.71,US,1650922230
Lebu,-37.6167,-73.65,55.31,76.0,100,23.4,CL,1650921711
Flinders,-34.5833,150.8552,61.18,94.0,100,7.0,AU,1650922230
Kalmunai,7.4167,81.8167,79.97,79.0,68,4.72,LK,1650922231
Saint George,37.1041,-113.5841,78.44,11.0,0,4.61,US,1650921919
Chicama,-7.8447,-79.1469,63.14,68.0,100,6.93,PE,1650922232
Leh,34.1667,77.5833,37.49,72.0,73,5.21,IN,1650921962
Urubichá,-15.3833,-62.95,81.41,66.0,100,2.53,BO,1650922232
Vila,42.0304,-8.1588,49.08,75.0,63,3.36,PT,1650922030
Cidreira,-30.1811,-50.2056,72.57,82.0,91,12.66,BR,1650922233
Paamiut,61.994,-49.6678,30.4,89.0,100,12.1,GL,1650922178
Samsun Province,41.25,36.3333,56.98,79.0,0,2.3,TR,1650922234
Poum,-20.2333,164.0167,75.09,65.0,100,11.61,NC,1650922234
Torres,-29.3353,-49.7269,72.0,79.0,70,8.57,BR,1650922235
Sal Rei,16.1833,-22.9167,71.76,81.0,5,17.13,CV,1650922235
Stornoway,58.2093,-6.3865,46.36,86.0,100,13.8,GB,1650922236
Vallenar,-28.5708,-70.7581,72.12,40.0,0,5.39,CL,1650922230
Westport,41.1415,-73.3579,60.75,40.0,100,9.22,US,1650922066
Dikson,73.5069,80.5464,5.52,99.0,100,2.35,RU,1650922014
Norman Wells,65.282,-126.8329,44.64,57.0,75,5.75,CA,1650922237
Sawākin,19.1059,37.3321,81.3,81.0,0,6.13,SD,1650922237
Severo-Kuril'sk,50.6789,156.125,32.13,85.0,100,20.04,RU,1650922009
Souillac,-20.5167,57.5167,73.78,88.0,40,12.66,MU,1650922238
Gamba,-2.65,10.0,77.5,91.0,100,5.41,GA,1650922238
Pochutla,15.7432,-96.4661,91.22,44.0,4,8.97,MX,1650922239
Port Moresby,-9.4431,147.1797,76.42,100.0,20,5.75,PG,1650922239
Ahipara,-35.1667,173.1667,66.2,63.0,25,6.42,NZ,1650922240
Sidi Ali,36.0998,0.4206,58.48,66.0,5,3.71,DZ,1650922241
Champerico,14.3,-91.9167,88.34,62.0,5,11.61,GT,1650922241
Berlevåg,70.8578,29.0864,30.15,93.0,100,21.85,NO,1650922242
Kuril'sk,45.2333,147.8833,41.2,53.0,61,0.72,RU,1650922242
Bollnäs,61.3482,16.3946,39.33,67.0,7,8.59,SE,1650922243
Bayir,37.2687,28.2167,48.72,65.0,27,2.91,TR,1650922243
Pathein,16.7833,94.7333,78.66,85.0,9,5.7,MM,1650922244
São José de Ribamar,-2.5619,-44.0542,82.78,86.0,94,10.76,BR,1650922244
Słupsk,54.4641,17.0287,38.3,92.0,56,5.64,PL,1650922061
Mattru,7.6244,-11.8332,79.3,84.0,100,4.81,SL,1650922245
Balakhta,55.38,91.6,29.97,74.0,85,1.43,RU,1650922245
Buin,-33.7333,-70.75,71.92,62.0,46,6.08,CL,1650922245
Polovinnoye,54.7914,65.9864,46.27,85.0,79,5.95,RU,1650922246
Hambantota,6.1241,81.1185,77.34,100.0,20,0.0,LK,1650922246
Belleville,44.1788,-77.3705,69.73,60.0,75,5.75,CA,1650922116
Rocha,-34.4833,-54.3333,66.22,97.0,100,3.29,UY,1650922247
Camacha,33.0833,-16.3333,60.22,77.0,40,10.36,PT,1650922247
Yerbogachën,61.2767,108.0108,24.78,99.0,96,3.22,RU,1650922248
Bantry,51.6833,-9.45,50.79,93.0,41,7.7,IE,1650922248
Boyolangu,-8.1181,111.8935,75.4,91.0,93,3.47,ID,1650922248
Soria,41.6667,-2.6667,49.1,90.0,39,2.77,ES,1650922249
Seoul,37.5683,126.9778,62.17,88.0,75,3.44,KR,1650922241
Mana,5.6592,-53.7767,79.05,85.0,97,9.69,GF,1650922250
Kamenka,51.3223,42.7678,55.15,76.0,100,8.43,RU,1650922250
Chivay,-15.6383,-71.6011,56.16,36.0,78,8.14,PE,1650922251
Porto-Novo,6.4965,2.6036,84.02,83.0,10,7.14,BJ,1650922252
Inta,66.0317,60.1659,31.05,86.0,97,8.55,RU,1650922252
Drumheller,51.4617,-112.7101,69.13,18.0,100,9.22,CA,1650922174
Butaritari,3.0707,172.7902,79.81,83.0,35,13.56,KI,1650921880
Hofn,64.2539,-15.2082,40.28,93.0,100,9.46,IS,1650922029
San Patricio,28.017,-97.5169,86.09,66.0,96,19.53,US,1650922253
Sola,-13.8833,167.55,80.1,78.0,83,14.65,VU,1650922074
Caibarién,22.5206,-79.4669,83.52,73.0,3,20.8,CU,1650922254
Shingū,33.7333,135.9833,64.92,95.0,100,0.98,JP,1650922255
Saurimo,-9.6608,20.3916,68.54,84.0,91,4.36,AO,1650922256
Mamakan,57.8161,114.0028,26.06,89.0,100,4.27,RU,1650922257
Tuatapere,-46.1333,167.6833,48.47,72.0,34,5.14,NZ,1650922258
Margate,51.3813,1.3862,49.3,84.0,78,8.01,GB,1650922231
Miami,25.7743,-80.1937,83.01,66.0,40,13.0,US,1650921519
Portales,34.1862,-103.3344,64.09,30.0,36,5.99,US,1650922139
Mocuba,-16.8392,36.9856,70.18,98.0,19,2.57,MZ,1650922259
Pātūr,20.45,76.9333,88.86,19.0,1,8.37,IN,1650922260
Mount Isa,-20.7333,139.5,69.57,100.0,100,1.14,AU,1650922260
Tessalit,20.1986,1.0114,79.93,15.0,0,9.15,ML,1650922261
Inírida,3.8653,-67.9239,82.26,83.0,100,3.15,CO,1650922176
Brownwood,31.7093,-98.9912,66.2,48.0,0,12.66,US,1650922262
Pangnirtung,66.1451,-65.7125,12.2,85.0,100,25.32,CA,1650922262
Pacific Grove,36.6177,-121.9166,74.25,75.0,0,12.66,US,1650922013
Siguatepeque,14.6,-87.8333,73.35,66.0,82,1.32,HN,1650922264
Upernavik,72.7868,-56.1549,15.69,89.0,26,3.89,GL,1650922265
Diego de Almagro,-26.3667,-70.05,68.31,40.0,2,7.45,CL,1650922265
Tuensang,26.2833,94.8333,62.82,78.0,0,4.05,IN,1650922266
Port Hardy,50.6996,-127.4199,42.98,87.0,75,9.22,CA,1650922267
San-Pédro,4.7485,-6.6363,79.32,83.0,59,4.09,CI,1650922267
São Filipe,14.8961,-24.4956,75.96,63.0,4,7.92,CV,1650922268
Vostok,46.4856,135.8833,43.43,67.0,99,5.91,RU,1650922268
Cabo San Lucas,22.8909,-109.9124,84.61,60.0,0,10.36,MX,1650922017
Sinnamary,5.3833,-52.95,80.08,82.0,100,9.82,GF,1650922017
Aljezur,37.3191,-8.8033,55.17,87.0,15,2.33,PT,1650922269
Qeshm,26.9581,56.2719,76.89,68.0,10,3.96,IR,1650922270
Baykit,61.67,96.37,23.2,93.0,100,4.76,RU,1650922270
Saldanha,-33.0117,17.9442,53.65,78.0,0,13.18,ZA,1650922271
Leningradskiy,69.3833,178.4167,15.75,91.0,63,9.71,RU,1650922271
Talnakh,69.4865,88.3972,1.2,98.0,100,5.06,RU,1650922007
Monforte de Lemos,42.5216,-7.5142,58.57,91.0,94,0.98,ES,1650922272
Sligo,54.2697,-8.4694,46.69,83.0,79,5.75,IE,1650922272
Winneba,5.3511,-0.6231,80.31,87.0,7,6.44,GH,1650922272
Tokur,53.1333,132.9,22.82,76.0,90,3.65,RU,1650922273
Sanguéya,10.7,-14.3667,76.87,77.0,24,3.53,GN,1650922273
Lagoa,39.05,-27.9833,57.96,72.0,60,10.92,PT,1650922274
Hua Hin,12.5707,99.9588,80.91,78.0,28,6.26,TH,1650922275
Coahuayana Viejo,18.7333,-103.6833,86.13,44.0,16,7.76,MX,1650922275
Jieshi,22.8134,115.8257,76.37,90.0,2,4.81,CN,1650922275
Mayumba,-3.432,10.6554,77.34,92.0,100,5.97,GA,1650922276
Bo Rai,12.5728,102.5371,82.72,95.0,96,1.43,TH,1650922277
Sechura,-5.5569,-80.8222,76.73,62.0,44,16.31,PE,1650922278
Wattegama,6.7989,81.4808,75.15,93.0,93,1.79,LK,1650922278
Pierre,44.3683,-100.351,52.86,35.0,0,14.97,US,1650922088
Karratha,-20.7377,116.8463,74.53,70.0,79,7.25,AU,1650922280
Sioux Lookout,50.1001,-91.917,21.27,73.0,100,11.5,CA,1650922093
Jacareacanga,-6.2222,-57.7528,76.12,94.0,86,2.28,BR,1650922281
Brownsville,25.9018,-97.4975,90.09,66.0,75,17.27,US,1650922210
Zilair,52.2332,57.4392,44.26,87.0,99,2.73,RU,1650922282
Bakchar,57.0186,82.0711,32.65,85.0,82,5.64,RU,1650922282
Coquimbo,-29.9533,-71.3436,56.93,100.0,100,9.22,CL,1650922282
Kailua,21.4022,-157.7394,84.18,71.0,100,13.8,US,1650921905
Alihe,50.5667,123.7167,37.71,45.0,100,14.0,CN,1650922283
Anadyr,64.75,177.4833,27.1,68.0,0,22.37,RU,1650922073
Khatanga,71.9667,102.5,-1.98,100.0,100,4.83,RU,1650922285
Poronaysk,49.2167,143.1167,31.41,67.0,89,0.4,RU,1650922286
Linxia Chengguanzhen,35.6003,103.2064,53.46,46.0,100,3.89,CN,1650922286
Altar,30.7,-111.8167,91.36,6.0,0,7.85,MX,1650922286
Rundu,-17.9333,19.7667,65.21,42.0,0,4.47,NA,1650922287
Betong,5.7743,101.0723,71.89,99.0,100,1.66,TH,1650922287
Toktogul,41.8708,72.9402,54.79,69.0,71,1.83,KG,1650922288
Barabinsk,55.3571,78.357,39.47,59.0,86,7.72,RU,1650922288
Rio Grande,-32.035,-52.0986,66.31,94.0,100,10.89,BR,1650922289
Flin Flon,54.7682,-101.865,30.04,27.0,0,6.91,CA,1650922289
Skjervøy,70.0311,20.9714,28.4,59.0,100,23.78,NO,1650922290
Dalby,-27.1833,151.2667,59.99,92.0,100,1.99,AU,1650922290
Algarrobo,10.1869,-74.5753,82.67,71.0,100,5.37,CO,1650922290
Āsind,25.7333,74.3333,82.47,25.0,0,11.07,IN,1650922291
Oro Valley,32.3909,-110.9665,91.02,6.0,1,7.0,US,1650922183
Along,28.1667,94.7667,61.84,86.0,93,2.24,IN,1650922291
Alice Springs,-23.7,133.8833,51.35,100.0,85,0.0,AU,1650922292
Pimentel,-6.8367,-79.9342,73.69,64.0,0,18.41,PE,1650922292
Fukuechō,32.6881,128.8419,71.06,90.0,100,25.21,JP,1650922292
Neuquén,-38.9516,-68.0591,64.29,32.0,40,8.05,AR,1650922293
Iqaluit,63.7506,-68.5145,2.93,71.0,40,20.71,CA,1650922294
Băiţa,46.0333,22.9,47.26,93.0,14,1.23,RO,1650922294
Puerto Maldonado,-12.6,-69.1833,82.8,74.0,20,8.05,PE,1650922294
Toamasina,-18.1667,49.3833,73.69,88.0,66,5.68,MG,1650922295
Guerrero Negro,27.9769,-114.0611,81.61,21.0,0,12.59,MX,1650922295
Watsa,3.0372,29.5355,62.8,96.0,98,1.81,CD,1650922295
Myingyan,21.4667,95.3833,88.39,47.0,0,1.86,MM,1650922296
São Gabriel da Cachoeira,-0.1303,-67.0892,78.22,91.0,70,1.61,BR,1650922296
São João da Barra,-21.6403,-41.0511,77.09,80.0,2,5.99,BR,1650922297
Marsabit,2.3284,37.9899,71.65,59.0,100,8.32,KE,1650922297
Bara,10.3744,10.7288,90.45,40.0,84,11.56,NG,1650922297
Kayes,14.0,-11.0,94.77,13.0,0,8.25,ML,1650922298
Veendam,53.1067,6.8792,47.98,80.0,67,8.75,NL,1650922298
Bolong,7.0983,122.2392,78.8,85.0,100,1.43,PH,1650922299
Bilma,18.6853,12.9164,91.94,10.0,0,5.55,NE,1650922299
Yarkovo,57.4028,67.0786,41.27,96.0,69,6.89,RU,1650922300
Xingyi,24.1877,102.817,56.97,55.0,0,2.98,CN,1650922300
Pilar,-9.5972,-35.9567,76.93,85.0,22,3.02,BR,1650922301
Ko Samui,9.5357,99.9357,84.61,73.0,84,8.14,TH,1650922225
Birao,10.2849,22.7882,86.36,42.0,100,5.28,CF,1650922301
Kiama,-34.6833,150.8667,61.38,95.0,100,1.01,AU,1650922216
Fort Nelson,58.8053,-122.7002,42.39,75.0,75,0.0,CA,1650922302
Epiniana,39.1429,21.6134,42.51,65.0,85,2.35,GR,1650922302
Nong’an,44.382,125.1685,52.47,52.0,92,13.94,CN,1650922303
Telde,27.9924,-15.4192,68.22,64.0,40,6.91,ES,1650922303
Colac,-38.3333,143.5833,59.83,85.0,91,4.76,AU,1650922304
Khani,41.9563,42.9566,53.17,61.0,0,6.8,GE,1650922305
Bossangoa,6.4926,17.4552,75.94,70.0,72,3.11,CF,1650922305
Deloraine,-41.5333,146.6667,49.35,15.0,99,1.32,AU,1650922306
La Rioja,42.25,-2.5,46.18,80.0,44,5.93,ES,1650922306
Magomeni,-6.8,39.25,75.47,94.0,27,5.19,TZ,1650922306
Palmer,42.1584,-72.3287,66.81,25.0,100,8.48,US,1650922307
Murdochville,48.9583,-65.5006,32.88,93.0,100,6.33,CA,1650922308
Guarapari,-20.6667,-40.4975,77.9,84.0,32,4.43,BR,1650922308
Mossamedes,-15.1961,12.1522,71.2,77.0,2,5.06,AO,1650922179
Golpāyegān,33.4537,50.2884,55.11,69.0,100,6.29,IR,1650922309
Marystown,47.1666,-55.1483,46.85,100.0,65,11.99,CA,1650922309
Baoning,25.3378,110.026,75.06,94.0,100,2.24,CN,1650922310
Tegul'det,57.3064,88.1667,29.8,90.0,77,7.2,RU,1650922310
Arlit,18.7369,7.3853,84.61,7.0,0,10.83,NE,1650922311
Barra Patuca,15.8,-84.2833,81.93,74.0,16,10.11,HN,1650922311
San Cristobal,7.7669,-72.225,71.78,70.0,68,1.66,VE,1650922312
Wilson,36.1501,-86.2833,74.52,84.0,100,4.61,US,1650922171
Buchanan,5.8808,-10.0467,80.15,85.0,100,8.66,LR,1650922312
Camaná,-16.6228,-72.7111,69.01,82.0,94,6.93,PE,1650922313
Padang,-0.9492,100.3543,77.27,89.0,100,5.14,ID,1650922313
Valparaíso,-33.0393,-71.6273,61.03,87.0,100,8.05,CL,1650922308
Coos Bay,43.3665,-124.2179,59.99,88.0,100,8.05,US,1650922314
Avallon,47.4833,3.9,49.82,88.0,100,2.57,FR,1650922314
Ozernovskiy,51.5,156.5167,31.78,95.0,100,15.64,RU,1650922315
Saint Anthony,45.0205,-93.218,37.92,67.0,100,16.11,US,1650922315
Rock Sound,24.9,-76.2,75.65,69.0,18,15.95,BS,1650922316
Tuyen Quang,21.8233,105.2181,77.97,88.0,76,1.39,VN,1650922316
Port-Gentil,-0.7193,8.7815,80.56,94.0,20,1.14,GA,1650922317
Westerland,54.9079,8.3033,44.62,87.0,6,11.5,DE,1650922317
Conceição do Mato Dentro,-19.0372,-43.425,68.38,82.0,81,3.22,BR,1650922318
Airai,-8.9266,125.4092,57.63,71.0,57,1.61,TL,1650922318
Bhag,29.0415,67.8239,90.45,10.0,3,4.5,PK,1650922319
Sandwick,60.0,-1.25,42.62,70.0,100,12.66,GB,1650922320
Sandviken,60.6167,16.7667,44.56,51.0,24,5.66,SE,1650922320
Koran,43.8103,18.5689,47.71,61.0,0,1.14,BA,1650922320
Abu Samrah,35.3029,37.1841,69.13,44.0,6,4.27,SY,1650922021
Mujiayingzi,42.1167,118.7833,47.84,22.0,18,12.3,CN,1650922321
San Andrés,12.5847,-81.7006,86.02,74.0,20,10.36,CO,1650922322
Santa Cruz de la Sierra,-17.8,-63.1667,86.05,66.0,40,16.11,BO,1650922190
Saint-Joseph,-21.3667,55.6167,73.78,77.0,59,14.12,RE,1650922323
Beringovskiy,63.05,179.3167,29.71,97.0,100,23.87,RU,1650922323
Charters Towers,-20.1,146.2667,69.21,96.0,100,14.56,AU,1650922324
Husavik,66.0449,-17.3389,41.95,78.0,73,1.14,IS,1650922324
Ubari,26.5921,12.7805,79.63,11.0,98,13.13,LY,1650922324
Lauria,40.0465,15.8358,49.28,79.0,4,1.54,IT,1650922325
Arroyo de la Encomienda,41.6096,-4.7969,62.19,64.0,0,6.91,ES,1650922325
Yurino,56.2942,46.3039,51.28,85.0,99,9.46,RU,1650922326
Longaví,-35.9667,-71.6833,54.19,94.0,100,6.06,CL,1650922326
Katobu,-4.9408,122.5276,74.44,93.0,13,1.34,ID,1650922020
Salinópolis,-0.6136,-47.3561,78.69,88.0,100,10.89,BR,1650922147
Livermore,37.6819,-121.768,81.64,32.0,0,11.5,US,1650922110
Clyde River,70.4692,-68.5914,8.83,92.0,100,23.02,CA,1650921999
Oodweyne,9.4092,45.064,70.57,66.0,100,8.03,SO,1650922327
Capreol,46.706,-80.9225,50.56,66.0,100,14.97,CA,1650922327
Puerto Quijarro,-17.7833,-57.7667,92.21,35.0,97,7.07,BO,1650922327
Níjar,36.9665,-2.206,57.65,82.0,0,3.44,ES,1650922328
Mouila,-1.8685,11.0559,75.79,90.0,100,0.09,GA,1650922329
Mil'kovo,54.7167,158.6167,31.64,92.0,100,4.52,RU,1650922218
Shatki,55.1887,44.1249,52.16,88.0,100,8.79,RU,1650922330
Chunhuhub,19.55,-88.6833,87.87,46.0,80,6.33,MX,1650922330
Comodoro Rivadavia,-45.8667,-67.5,57.06,41.0,0,8.05,AR,1650922331
Ocampo,21.65,-101.5,82.13,10.0,21,4.03,MX,1650922326
Umm Kaddadah,13.6017,26.6876,81.81,16.0,100,1.39,SD,1650922331
Aksarka,66.5606,67.7975,17.26,97.0,78,6.58,RU,1650922332
Vao,-22.6667,167.4833,74.82,54.0,100,20.18,NC,1650922332
Fare,-16.7,-151.0167,81.48,72.0,9,10.71,PF,1650922333
Arrondissement de Poitiers,46.5833,0.3333,52.21,69.0,34,2.3,FR,1650922333
Atlantic Beach,30.3344,-81.3987,84.02,62.0,20,13.8,US,1650922333
Wajima,37.4,136.9,61.65,74.0,100,6.04,JP,1650922228
Olinda,-8.0089,-34.8553,80.33,89.0,75,5.75,BR,1650922334
Dongsheng,39.8161,109.9776,38.62,16.0,19,18.97,CN,1650922334
Vila Velha,-20.3297,-40.2925,80.55,81.0,75,11.5,BR,1650922335
Brae,60.3964,-1.353,43.27,71.0,85,15.39,GB,1650922335
Saint-Honoré,48.5334,-71.0824,44.29,72.0,100,9.22,CA,1650922333
Kerrobert,51.9168,-109.1348,59.05,40.0,7,20.11,CA,1650922336
Şile,41.1754,29.6133,63.27,67.0,14,1.01,TR,1650922336
Les Cayes,18.2,-73.75,79.57,70.0,80,5.84,HT,1650922337
Byron Bay,-28.65,153.6167,60.69,71.0,100,5.77,AU,1650922338
Sobolevo,54.4299,31.8996,45.01,94.0,94,2.95,RU,1650922338
Ayan,56.45,138.1667,29.95,79.0,9,4.61,RU,1650922339
Yulara,-25.2406,130.9889,57.04,88.0,97,5.75,AU,1650922339
Villa Vicente Guerrero,19.1194,-98.1708,78.19,29.0,50,6.02,MX,1650922340
Port Lincoln,-34.7333,135.8667,64.81,79.0,100,13.6,AU,1650922241
Kosh-Agach,50.0,88.6667,31.1,54.0,100,2.19,RU,1650922341
Evensk,61.95,159.2333,29.32,75.0,100,20.36,RU,1650922341
Altamira,-3.2033,-52.2064,86.09,70.0,20,2.3,BR,1650922342
Luena,-11.7833,19.9167,67.62,70.0,100,4.14,AO,1650922343
Nanning,22.8167,108.3167,73.85,89.0,2,10.38,CN,1650922102
Yakeshi,49.2833,120.7333,29.66,82.0,100,20.6,CN,1650922343
Taman',45.2117,36.7161,56.03,79.0,88,4.61,RU,1650922344
Broome,42.2506,-75.833,72.37,52.0,0,18.41,US,1650922344
Nakatsu,33.5981,131.1883,73.18,82.0,100,11.07,JP,1650922345
Bowen,-20.0167,148.2333,75.34,86.0,100,20.89,AU,1650922345
Agirish,61.9247,63.0231,33.28,97.0,100,3.65,RU,1650922346
Radeče,46.0681,15.1839,54.12,72.0,35,3.6,SI,1650922346
Narsaq,60.9167,-46.05,44.82,79.0,93,0.81,GL,1650921890
Mehamn,71.0357,27.8492,30.11,69.0,75,29.93,NO,1650922347
Brezno,48.8043,19.6363,48.29,95.0,84,3.02,SK,1650922347
Dunedin,-45.8742,170.5036,52.81,57.0,33,15.01,NZ,1650922243
Båtsfjord,70.6345,29.7185,30.13,80.0,20,18.41,NO,1650922347
Beihai,21.4833,109.1,76.96,92.0,3,3.8,CN,1650922348
Örnsköldsvik,63.2909,18.7153,40.15,70.0,48,11.5,SE,1650922349
Diamantino,-14.4086,-56.4461,81.79,61.0,30,4.05,BR,1650922350
Beloha,-25.1667,45.05,75.22,75.0,100,4.83,MG,1650922021
Baker City,44.7749,-117.8344,64.58,28.0,40,14.97,US,1650922350
Kitob,39.0843,66.8332,66.72,44.0,100,2.8,UZ,1650922351
Lakes Entrance,-37.8811,147.981,48.16,85.0,26,2.89,AU,1650922352
Chala,-7.5833,31.2667,58.48,98.0,98,3.38,TZ,1650922352
Salalah,17.0151,54.0924,82.49,69.0,0,3.44,OM,1650922353
Pedregal,8.3667,-82.4333,82.49,78.0,40,5.75,PA,1650922353
Henties Bay,-22.116,14.2845,62.1,71.0,0,6.85,NA,1650922354
Zhigansk,66.7697,123.3711,9.61,94.0,94,2.91,RU,1650922355
Kalemie,-5.9475,29.1947,70.43,88.0,82,2.21,CD,1650922355
Luebo,-5.35,21.4167,70.61,98.0,95,0.85,CD,1650922355
Zhaotong,27.3167,103.7167,53.06,88.0,100,7.36,CN,1650922356
Kiunga,-6.1219,141.2906,74.86,99.0,100,1.16,PG,1650922356
Forbes,-33.3833,148.0167,62.92,71.0,100,6.73,AU,1650922357
Riyadh,24.6877,46.7219,71.74,46.0,100,13.09,SA,1650922302
Luxor,25.6989,32.6421,78.85,17.0,0,2.3,EG,1650922358
Bandarbeyla,9.4942,50.8122,81.5,73.0,99,5.73,SO,1650922016
Nyurba,63.2842,118.3319,23.22,94.0,100,1.92,RU,1650922358
Guaporé,-28.8456,-51.8903,77.7,90.0,86,3.42,BR,1650922359
Aleksandrovskiy Zavod,50.9237,117.9374,30.92,71.0,100,10.11,RU,1650922359
Kumul,42.8,93.45,61.16,24.0,99,12.1,CN,1650922360
Lukovetskiy,64.2956,41.9211,34.83,99.0,100,5.3,RU,1650922360
Warrnambool,-38.3833,142.4833,57.81,76.0,92,10.4,AU,1650922361
Kilindoni,-7.9139,39.6668,81.54,79.0,48,9.89,TZ,1650922361
Zelenets,61.8849,50.7489,39.45,93.0,93,5.14,RU,1650922361
Lakhīmpur,27.95,80.7667,80.8,17.0,0,5.73,IN,1650922362
Chambishi,-12.6325,28.0537,59.61,92.0,49,3.47,ZM,1650922256
Batagay-Alyta,67.8006,130.4114,9.77,93.0,100,2.1,RU,1650922363
Khuzhir,53.1939,107.3397,23.07,83.0,5,5.75,RU,1650922363
Taku,39.0211,117.6469,62.56,83.0,15,10.74,CN,1650922363
Kuito,-12.3833,16.9333,63.36,62.0,69,1.9,AO,1650922364
Aginskoye,51.1,114.53,32.18,46.0,100,19.3,RU,1650922365
Noyabrsk,63.1994,75.4507,13.17,97.0,54,3.13,RU,1650922365
Bontang,0.1333,117.5,75.99,93.0,100,6.67,ID,1650922365
Chino Valley,34.7575,-112.4538,78.42,8.0,0,8.05,US,1650922366
Ust-Tsilma,65.441,52.1498,31.75,90.0,100,3.18,RU,1650922366
Port Blair,11.6667,92.75,80.64,89.0,20,0.0,IN,1650922216
Westlock,54.1502,-113.8688,59.11,43.0,100,19.93,CA,1650922367
Misratah,32.3754,15.0925,63.97,72.0,95,9.82,LY,1650922367
Boyabat,41.4689,34.7667,63.39,56.0,71,5.93,TR,1650922368
Carlyle,38.6103,-89.3726,62.38,57.0,100,5.99,US,1650922368
Quatre Cocos,-20.2078,57.7625,73.51,74.0,46,16.04,MU,1650922367
Goderich,43.7501,-81.7165,52.12,87.0,100,5.75,CA,1650922369
Ratnagiri,16.9833,73.3,82.31,78.0,46,4.21,IN,1650922370
Ames,42.0347,-93.6199,41.45,59.0,100,19.57,US,1650922370
Muros,42.7762,-9.0603,53.83,82.0,92,7.25,ES,1650922371
Trincomalee,8.5711,81.2335,81.99,78.0,81,6.89,LK,1650922372
Duluth,46.7833,-92.1066,35.08,69.0,100,14.97,US,1650922219
Bereda,43.2686,-7.5406,54.57,91.0,43,1.01,ES,1650922372
Trairi,-3.2778,-39.2689,77.68,87.0,18,7.47,BR,1650922244
Krasnoarmeysk,51.0239,45.6969,55.94,70.0,90,10.2,RU,1650922372
Green Valley,31.8543,-110.9937,91.35,8.0,9,2.35,US,1650922263
Bizhbulyak,53.6967,54.2642,49.12,92.0,76,7.05,RU,1650922373
Vilcún,-38.65,-72.2333,50.74,68.0,100,13.82,CL,1650922211
Gijang,35.2442,129.2139,64.13,99.0,100,10.22,KR,1650922373
Bembèrèkè,10.2283,2.6634,84.06,39.0,51,5.7,BJ,1650922374
Gorontalo,0.5412,123.0595,74.98,94.0,89,2.17,ID,1650922375
Marawi,7.9986,124.2928,70.34,91.0,100,2.35,PH,1650922297
Rabo de Peixe,37.8,-25.5833,61.29,65.0,20,6.91,PT,1650922375
Fairbanks,64.8378,-147.7164,48.16,43.0,75,3.44,US,1650922312
Tomatlán,19.9333,-105.25,87.66,40.0,1,9.75,MX,1650922376
Jinchang,38.4953,102.1739,53.1,29.0,2,4.81,CN,1650922377
Labuhan,-6.8844,112.2051,78.67,85.0,97,3.47,ID,1650922182
Vestmanna,62.1564,-7.1664,34.72,80.0,72,11.5,FO,1650922377
Tuzha,57.6062,47.936,47.88,93.0,90,9.55,RU,1650922378
Nhulunbuy,-12.2333,136.7667,75.81,94.0,31,0.0,AU,1650922378
Prince Albert,53.2001,-105.7677,35.55,51.0,0,14.97,CA,1650922207
Bajos de Haina,18.4154,-70.0332,82.33,73.0,75,5.75,DO,1650922379
Taoudenni,22.6783,-3.9836,79.93,17.0,0,9.73,ML,1650922380
